,usuarios,comments
0,,
1,,
2,,
3,rarregui4,Seria muy recomendable q no hagan escala en Brasil.por las dudas
4,susana87,"@rarregui4 ""Este gobierno de derecha, supuestamente de derecha, fue el primero que reconoci√≥ los derechos de los trabajadores"" . esto dijo moyano seg√∫n LA NACI√ìN del 28 de setiembre de 2015.  De eso usted no se acuerda nada, verdad? No defiendo a moyano, destaco la moral de convniencia del sr. Mauri, flor de chanta. "
5,ieroslav,"mientras el jefe del clan grita, el pr√≥fugo est√° en los emiratos √°rabes tratando de afiliar a los camelleros. solo en peronia."
6,susana87,"fuente: la naci√≤n del 28 de septiembre de 2015
""Mauricio Macri se mostr√≥ con Hugo Moyano y se cruzaron elogios"".- Que lejos aquellos tiempos  del ""rubio"" moyano que ayud√≥ a ganar las elecciones del 2015. Ay, ay y ay con la moral golberta! 
 "
7,mojeda12,@susana87 Cambiemos  debe dialogar con todos los mafiosos) tamb. 
8,Just4Justice,@susana87 Imaginate que tienen que hablar con delincuentes como  GAV0IS ........  HASTA TANTO LA JUSTICIA LOS EMBARGUE Y ENCANE... EL GOBIERNO HABLA ..... 
9,totociber2013,@susana87 Amiga: en el universo peronista colmado de mafiosos de distintos pelajes y distintos clanes...
10,rarregui4,Me parece q los q se van a tener q ir rapido en helicoptero hacia Venezuela.(si no quieren terminar todos presos)van a ser otros.y no precisamente el gobierno de Cambiemos.
11,Just4Justice,@rarregui4 Y COMO SON TANTOS...... MEJOR UN BUEN COHETE EN DIRECCION A MERCURIO ...... CERCANO AL SOL ..... HASTA POR AHI LES DAMOS EL PRIVILEGIO DE LLEGAR A LA GRAN ESTRELLA Y COLONIZARLA !!!... JAJAAAJJA
12,mojeda12,"@rarregui4 Estos mafiosos enquistados , en el Poder, se tiene que TERMINAR YA !!! "
13,Caida_Libre,El POROTISMO esta ON FIRE: SE LES CAE OTRO ALIADO
14,juanjorgesalzman,Moyano vivimos en democracia deje que la justicia actue‚Ä¶...
15,fper7709,"Otro que se reune con el Pancho y recibe la ""bendicion"""
16,susana87,"@fper7709L Naci√≥n  del 28 de septiembre de 2015 daba cuenta de que ""Mauricio Macri se mostr√≥ con Hugo Moyano y se cruzaron elogios"".- Que lejos aquellos tiempos  del ""rubio"" moyano que ayud√≥ a ganar las elecciones del 2015. Ay, ay y ay con la moral golberta! "
17,ieroslav,"@susana87 @fper7709 y la tuya como anda? flojita al parecer, no pas√°s ni el primer parcial."
18,Just4Justice,GRACIAS GRACIELA OCA√ëA !!!!
19,susana87,@Just4Justice le dice gracias a oca√±a por el tema de los aportantes truchos de la elecci√≥n 2017? 
20,fper7709,@susana87 @Just4Justice Vos manejas el meonca o sos acompa√±ante?
21,Just4Justice,"@susana87 @Just4Justice NO,  POR INVESTIGAR TANTAS CAUSAS CONTRA EL CORRUPTO Y ASESINO DE LA NOTA"
22,calistaflo,Alguien en su sano juicio duda de la acusaci√≥n del Fiscal.....? 
23,Just4Justice,ESTA VEZ EL HELICOPTERO ESTA LISTO PARA LA IZQUIERDA Y EL CANCER DEL SINDICALISMO !!!!!.....  CUANDO ARGENTINA TERMINE LA RADIOTERAPIA  SERA DE UNA VEZ REPUBLICA !!! 
24,Just4Justice,Florencia Arietto..... GRACIAS !.... Y SIGA A FONDO !..... Ya sabemos porque Ma$$a la sac√≥ del frente reciclador !.... TODO SE SABE !
25,fumenoire,"Panchooooooooo, faltan rosarios! Hay una escasez enorme!"
26,Just4Justice,@fumenoire Defensa de los bosques no le deje talar mas arboles..... ya no hay madera para tanto Rosario..... Pancho tiene mucho para hacer.... mejor se ocupe de eso !!!!   por ejemplo.... hacer algo por Venezuela.... que mueren decenas por d√≠a como moscas !!!!
27,arusany,@fumenoire  Es que los chinos no alcanzan a la demanda
28,arusany,Si este pais no saca a los gremios sea el que este como presidente jamas saldra Adelante no puede ser que en las ultimas 7 decadas existe el poder presidencial y el sindicalista y para peor la CGT esto solo ocurre en este pais y no en uno normal.
29,fumenoire,"Extra√±o la serie ""Los intocables""."
30,armando_giusto,Demostralo en un tribunal Moyi.
31,cheroke1,"que un in√∫til se sienta √∫til, solo puede pasar en este Pa√≠s, que es lo positivo logrado por este energ√∫meno?"
32,linda22,@cheroke1 Lo positivo es solo para el  MULTI  MEGA  MILLONARIO
33,fumenoire,"Y falta, negri querido, tu dulce e inocente esposa!"
34,fper7709,"Estos ya son ""los encausados"""
35,Caida_Libre,"Que lindo pero que lindoooo que se esta poniendo esto
EL CLAN MOYANO EN CANA EXTASISSS"
36,jorgerai,"EL DR. HUGO MOYANO YA PRESENTE LA EXENCI√ìN DE PRISI√ìN DE PABLO MOYANO, ANTE EL JUZGADO DE GARANT√çAS A QUO."
37,ghriva,Dr en que estimado Rai
38,Caida_Libre,"@ghriva Doctorado en ASADO, VINO y APRIETES"
39,ghriva,Yo sabia que tenia un doctorado en lavador de tripas. Es el mismo?
40,ghriva,"Facil, que explique su patrimonio."
41,arusany,"@ghriva  Que explique nada mejor, que justifique!"
42,fumenoire,No insistas Huguito esta pel√≠cula de burdos mafiosos NO NOS DISTRAE. son p√©simos actores y la novela policial aburrid√≠sima.
43,fumenoire,Prefiero a Al-Capone contra Eliot Ness.
44,calistaflo,"@fumenoire La cara y el fisique du rol, convengamos que son perfectos ad hoc...."
45,cheroke1,"ten√©s que ir preso mafia,"
46,rsagen,MOYANO: AHORA EL QUE LAS HACE LAS PAGA!
47,ghriva,La carcel te va a bajar los humitos negro
48,fper7709,"Este no tiene fueros pero tiene ""fierros"""
49,macarly,"A LA CORRUPCION  LOS MOYANO LA LLAMAN """" DISPARATE PARA DISTRAER""""""  NOS AHORRARIA TIEMPO Y DINERO SI SE PRESENTAN ANTE LA LEY A DAR EXPLICACIONES DE LAS CUALES LOS ACUSAN. "
50,Mojigato,PUEDE QUE ALGO CAMBIE EL DIA QUE SE SANCIONE UNA LEY QUE IMPIDA QUE CUALQUIER CARGO ELECTIVO -PUBLICO O PRIVADO- SUPERE EL TIEMPO MAXIMO QUE LA CONSTITUCION OTORGA AL PRESIDENTE DE LA NACION. DOS PERIODOS SEGUIDOS DE 4 A√ëOS Y DESPUES AL LLANO. 
51,jaquino1,Los PERONISTAS lo van a impedir ... como impiden la sanci√≥n de la ley de extinci√≥n de dominio para recuperar bienes para el Estado de pol√≠ticos corruptos
52,timsanders,Qu√© hombre m√°s preocupado por el bienestar del trabajador!! jajaja
53,fumenoire,"@timsanders S√≠, siempre se identifican con los m√°s pobres!"
54,Mojigato,ME SACO EL SOMBRERO ANTE LOS DIRIGENTES SINDICALES Y SOCIALES QUE ABNEGAN POR EL BIEN DE SUS REPRESENTADOS SIN USUFRUCTUAR ECONOMICAMENTE DE ELLO. PERO TODOS SABEMOS SOBRADAMENTE QUE ESTE NO ES EL CASO... 
55,ocaso64,"Los sindicalistas el que menos tiene son 30 a√±os al frente de sus respectivo gremio, cero alternancia, la democracia a estos tipos les importa un bledo, carecen en todos los casos de formaci√≥n c√≠vica, se pasan la vida apretando, desestabilizando  y/o extorsionando a todos los gobiernos y esto se tiene que terminar de una buena vez."
56,jaquino1,"... en 1945 lanzaron 2 BOMBAS AT√ìMICAS sobre JAP√ìN .... en 1945 surgi√≥ el PERONISMO en ARGENTINA ..... 70 a√±os despues, se comprueba CIENT√çFICAMENTE que el PERONISMO es peor que la BOMBA AT√ìMICA ..."
57,arioschirino,"Hay q explicarle a este tipo que ""Ley pareja no es rigurosa"" y"" El q nada debe nada teme"", nuestra Constituci√≥n Nacional dice que somos todos iguales ante la Ley."
58,ebenner,Si claro... para Hugo siempre es una raz√≥n diferente... que son una familia de delincuentes nunca es una buena raz√≥n
59,Just4Justice,"PERONISTA ES AQUEL QUE SE HACE LLAMAR DE ESA MANERA PARA SACAR VENTAJA

J. L. Borges"
60,timsanders,Ayyy Moyano ... se les acaba la jo.da y la impunidad. Qu√© quer√©s hacer ahora? Un paro nacional para que no los investiguen? Pat√©tico
61,fumenoire,@timsanders Est√°n pensando en lanzarse en camiones hacia la casa rosada. Para estos mafiosos no hay l√≠mites. De terror!
62,juanjorgesalzman,"Moyano ,contra Macri perdistes no negocia con patoreros ni corruptos!!!!! "
63,Mojigato,"""ES MAS FACIL ENGA√ëAR A LA GENTE, QUE CONVENCERLA DE QUE HAN SIDO ENGA√ëADOS."" (MARK TWAIN, U.S.A. 1835-1910.)"
64,Just4Justice,@Mojigato Muy bueno !
65,Mojigato,@Just4Justice @Mojigato TENEMOS QUE LEER MAS A LOS GRANDES PENSADORES Y MENOS A LOS DIARIOS... Slds.
66,Anticojc,Familia de delincuentes que seguramente intentar√° tomar represalias haciendo un paro general con la complicidad de los otros sindicatos nada mas que para parar a la justicia y que no meta en cana a uno solo de ellos a pesar que todos deberian ir juntos al calabozo. Esta es la mafia creada por peron en el 45 que han sobrevivido hasta el dia de hoy robandole al estado con cualquier gobierno aun durante el proceso militar. Adoraban a la cristina porque ella y la mafia de justicia legitima les aseguraba impunidad pero las cosas cambiaron y para bien de la republica no deberian ir solos sino acompa√±ados de otros mafiosos.     
67,ariz7265,Don Moyano amo de los escritorios como Don Frio
68,lafraslafra,"¬øAhora qu√©? ¬øle van a buscar todas las vueltas todo porque el ni√±o Facundo se tira unas minitas de primera? ¬°si todas le quieren pagar para que salga con ellas!. Es una superpotencia el pibe y Macri le tiene envidia, por eso es todo esto."
69,lafraslafra,"No s√© por qu√© esta persecuci√≥n emperrada con los Moyano....si ni siquiera tiene un haras de s√∫perlujo criando caballos de 50 lucas verdes....puros camiones tienen, tres caba√±itas caba√±ita en parque Leloir de una hect√°rea cada una, eso cualquiera lo tiene, otra quintita en Los Baqueanos, las empresitas de la mujer, ¬øqu√© m√°s, los buzones de OCA, le van a contar?"
70,guigoo,@lafraslafra y un clubcito de futbol de barrio para que jueguen los nenes. Nada importante.
71,Mojigato,"A MI HUMILDE ENTENDER, TODOS LOS OPOSITORES PROCESADOS COMENTEN EL MISMO -GRAVE- ERROR AL QUERER DEFENDERSE: LE ECHAN LA CULPA AL GOBIERNO CUAL SI FUESE UN TEMA POLITICO. Y ESO, DEBERIAN SABERLO ELLOS Y SUS ABOGADOS, MAL PREDISPONE ENORMEMENTE AL PODER JUDICIAL EN GENERAL Y A LOS JUECES EN PARTICULAR. "
72,merc1708,Son temas penales manejados por intereses pol√≠ticos.
73,jorpanther,Vos seguis creyendo ese verso? Los Moyano Son todos ladrones
74,Mojigato,"@merc1708 NO NECESARIAMENTE. LAS EVIDENCIAS ESTAN A LA VISTA. QUE TENGAN REPERCUSION POLITICA, ES OTRA COSA. "
75,merc1708,No dije repercusi√≥n. Est√°n manejados pol√≠ticamente.
76,lilianacesar,@merc1708 Para el que no es pasible de ninguna imputaci√≥n penal no hay ning√∫n inter√©s pol√≠tico que pueda impulsar ninguna causa. El que tiene las manos limpias no tiene problema alguno. No creo que sea precisamente el caso de los Moyano.
77,Mojigato,@merc1708 PROBALO.
78,cmallo,@merc1708 dudo que lo manejen interesed pol√≠ticos. La Justicia es absolutamente independiente: no como en el gobierno anterior. Pero como le√≠ reci√©n un comentario: es m√°s f√°cil enga√±ar a la gente que convencerla de que han sido enga√±ados.
79,cmallo,"@merc1708 perd√≥n, y en que basa tan temeraria aseveraci√≥n?"
80,lucaspro,Huguito si es un disparate por que te preocupas? O es que no estas tan limpito? Eh?
81,susana87,"Que tiempos aquellos donde  ""Mauri"" innauguraba estatuas junto con el entonces rubio Moyano y  eran grandes amigos. Todo para ganar la elecci√≥n 2015. Ay, ay y ay!! "
82,jaquino1,"‚ÄúMenem fue el mejor presidente de la historia‚Äù (N√âSTOR K) a√±o 1997, cuando defend√≠a las privatizaciones junto a Cavallo"
83,Vipest,"La verdad no se de que trata esta causa, no la he seguido para nada ,para mi todas son causas menores con respecto a la figura de la Porota como Jefa de una Asociacion Ilicita, y puedo decir con certeza que dada la impunidad actual no todos serian iguales ante la ley como dice el Sr. Frigerio."
84,Vipest,Ademas el mismisimo Presidente veria con beneplacito no penar a los empresarios que defraudaron al Estado con la obra publica y accionaron ilegalmente para no parar la misma.
85,cmallo,@Vipest barrabasada de comentario
86,lilianacesar,"@Vipest La impunidad factur√°sela al Congreso, especialmente al bloque peronista que comanda Picchetto."
87,Just4Justice,"Suelo viajar dentro de la provincia de Buenos Aires....  los remiseros y taxistas... que escuchan y ven mas que la mayoria ...  siempre me dicen   ""...Esto es de los  M0yano......  o   esto es de Sholi ......  "".... Lo mismo en la zona de Carmelo Uruguay...... es increible LO QUE HAN SAKEADO .....   Como no van a estar dispuestos a TODO... ?.... "
88,merc1708,Si lo dice un taxista debe necesariamente ser verdad.
89,lilianacesar,"@merc1708 Dejate de chicanas. TODOS sabemos que la gran mayor√≠a de los gremialistas son ladrones, Moyano el capo de tutti i capi."
90,susana87,"@Just4Justice yo en cambio suelo viajar como usted y me dicen esto es el cUrreo de la famiglia macri, esto son los sies parques e√≥licos , esto es el soterramiento del Sarmiento que es de los macri -eso s√≠ tambi√®n tienen testaferros, como midlin . "
91,Just4Justice,@susana87 @Just4Justice Tenes que denunciarlo !......  
92,cmallo,"@susana87 @Just4Justice pruebas, por favor????"
93,Just4Justice,Pagaria una gran cuota mensual por acceder a una camarita en la celda de estos asesinos ... viendo como se la dan 20 veces por d√≠a !!!!.......
94,lafraslafra,"¬°Aaahh! ¬°nos sorprendi√≥ a todos porque esperabamos alguna respuesta cl√°sica, de manual, pero contraatac√≥ con un argumento novedoso!. No les van a ganar a imaginativos."
95,jlopez149,@lafraslafra Desde que leen a Nietszche van mejorando el pensamiento.
96,jlopez149,Esto es lo mismo que los mafiosos de Chicago a√±os 30 que manejaban sindicatos y vend√≠an protecci√≥n.
97,merc1708,"Si sabe algo, haga la denuncia."
98,jlopez149,"@merc1708 Ya la hicieron otros por m√≠, gracias por el consejo."
99,merc1708,"No, no de lo que usted asegura."
100,lilianacesar,@merc1708 Ya est√°n hechas todas las denuncias. Preguntale a Florencia Arietto.
101,fper7709,"@jlopez149 Por eso llevamos 70 a√±os de atraso. El mismo Peron dijo que eran unos choros, pero se quedo corto"
102,merc1708,Y ahora citan a Per√≥n. Brillante.
103,fper7709,@merc1708 Acaso no es verdad? ud tiene menos argumentos que el Pato Donald
104,lilianacesar,"@fper7709 @jlopez149 Por algo nunca les dio las obras sociales, ese regalito se lo debemos a Ongan√≠a."
105,lilianacesar,"@merc1708 Que Per√≥n era brillante dec√≠s ? Sin duda, por eso nunca les dio las obras sociales, regalo que le deben a la dictadura de Ongan√≠a."
106,fper7709,@lilianacesar @merc1708 Para chorear era tan brillante como Moyano. Como hizo para vivir en la mansion de Puerta de Hierro sin laburar?
107,ariz7265,Mejor comprale una Libertadores a In the pendiente y dejate dejoder
108,lafraslafra,"Son unos pobres incomprendidos los Moyano. Es la envidia de la gente que los ve amasar millones.¬øqu√© quieren, que la guita la usen los afiliados, para la obra social, para qu√©?. Si est√° mucho mejor aprovechada en las manos de los muchachos, que de manejar...saben mucho."
109,Negreiro,Respuesta de manual la de Huguito...
110,gbarret,"Todo en familia. Como los Corleone. O peor,  porque es con la complicidad del estado."
111,rube6946,"Gracias ""al General"". la afiliaci√≥n es OBLIGATORIA, pero no asi el voto, de modo que LAS MAFIAS mandan a ""sus muchachos"" y asi se perpetuan en el poder. Antiguamente los SINDICATOS eran las fuerzas de choque del peronismo, pero la tercerizaron con los BARRABRAVAS. Tiempos modernos, que le dicen"
112,antabuse,no es el gobierno pedazo de monstruo anda a quejarte con el fiscal! jajaja
113,lafraslafra,"Ser√° un disparate, pero por las dudas no te dispar√©s que te traen del jopo."
114,jlopez149,"Pues yo me estoy ""distrayendo"" mucho."
115,merc1708,"No es un disparate la causa contra Moyano por lo que se sabe. El momento y la obsesi√≥n por la prision preventiva, si son un disparate."
116,gbarret,A llorar a la cancha.
117,merc1708,Muy democr√°tico su comentario.
118,jlopez149,"@merc1708 ¬ø Se imagina c√≥mo mafiosos multimillonarios, sueltos, sin escr√∫pulos, podr√≠an apretar a muchos y silenciar a otros ?."
119,merc1708,"En la justicia no alcanza con imaginar, hay que probar."
120,lilianacesar,@merc1708 La prisi√≥n preventiva es un instituto previsto en la ley penal del mundo entero y desde hace siglos. Que un juez juzgue que un poderoso se puede fugar u obstruir el proceso no tiene nada de disparate. Disparate es que en este pa√≠s cualquiera hable de lo que lo conoce ¬øSos abogado? Yo s√≠.
121,curtisscapitana,"Porque no elije otra excusa, esta es muy trillada."
122,gbarret,Cu√°nta mafia Dios mio!!!  Como vamos a remontar con ese peso que nos enchuf√≥ la inacci√≥n o complicidad de la justicia.
123,ssergiojl,"DE MANUAL, LO DE MOY.ANO"
124,jsalvetti2,"Si claro, perseguido politico!!"
125,critico2010,"@jsalvetti2 ""pol√≠tico"" (con comillas)"
126,richaires,"Independiente es el Hotesur de los Moyano, 
Pablo es su DeVido, 
el Policlinico del gremio es su Obra P√∫blica
y los camioneros son su C√°mpora..."
127,jlopez149,@richaires Y la Sra. su Contratista.
128,paca7612,VOLVEMOS !!
129,critico2010,@paca7612 A Ezeiza... y m√°s adelante la Isla de los Estados
130,Madarski,"El gobierno verdaderamente es un disparate, pero los Moyano son unos mafiosos que mas que merecidos tienen el encierro."
131,erin3ar,"Gato cuando te vayas te vas a tener que refugiar en Liberia, porque vas en cana de por vida"
132,fper7709,@erin3ar Vos perteneces al sindicato?
133,pirulogoyeneche,@erin3ar Mafiosos abstenerse
134,richaires,"@erin3ar
Imposible porque todos tus heroes seguiran presos y este gobierno seguira reelecto"
135,jsalvetti2,Ni lo sue√±es!!! primero los anteriores
136,g_alde,Mafia pura los Moyano. Y los afiliados al gremio que los apa√±an con su silencio. Porque sin ese silencio no existir√≠a esa mafia!!!
137,fper7709,"@g_alde Son 4 los que votan. El resto ni los conoce. No representan a nadie, como el resto del sindicalismo"
138,g_alde,"Pero est√°n y apoyan cuando salen a cortar calles, a amenazar y a jorobarle la vida a quien trabaja honestamente. O no??"
139,fper7709,@g_alde Los barra pagados. Es la pesada del sindicato.
140,g_alde,"La gente del interior no piensa como vos. Han hecho mucho da√±o cuando les abr√≠an las tolvas a los camiones que segu√≠an circulando cuando ellos llamaban al paro. Y no eran los barras, eran afiliados comunes."
141,paca7612,La Revolucion de la alegria pone varias notas de Moyano para todo el fin de semana ........jajajajajajja disimulen cheee
142,gguasoncito1,"@paca7612 AH NO ES PARA VOS?, CIERTO QUE VOS SOS AMARGO............"
143,gguasoncito1,"SEGUN MOYANO, DE VIDO, BODOU, EL PATA MEDINA, JAIME, LAZARO, MILANI, ESTECHE, SEGOVIA, TODOS ELLOS SON PRESOS POLITICOS.......ES DECIR LOS JUECES ERRARON EN CASI MAS DE 10 CAUSAS.......TIENE RAZON, FUNCIONA MUY MAL LA JUSTICIA QUE LO CONDENA A MOYANO Y A SUS HIJOS............"
144,ocaso64,"No es el gobierno don, es el poder judicial, lento como siempre con ustedes pero poder judicial al fin."
145,Rodoco,"Lo dijo Moyano : Esto es una ""distrasi√≥n"" para evit√° que se vea la falta de esito del programa economico que esperimentamo en todo lo ordene de la nasion"" 
(y evit√≥ decir: ""si me tocas al nene te meto otro paro"")"
146,fper7709,"Quiero ser sindicalista, pero si no llego a los 120 kg no me aceptan."
147,Rodoco,"@fper7709 No podes  , primero tenes que aprender a comerte las eses, ya como escribiste ese post, sin faltas de ortograf√≠a, estas ""afuera"" por oligarca.- "
148,gbarret,Si te dan las tripas para robarle a los trabajadores listo. Cuanto mas pobres mejor. Mas f√°cil.
149,Mehid2016,Tenes raz√≥n. La estamos pasando remal. Pero eso no tapa lo que son ustedes.
150,critico2010,@Mehid2016 Ni POR QU√â la pasamos mal .------------
151,patito_feo_cuac,Espero que le saquen hasta el √∫ltimo centavo de plata malhabida a este clan mafioso.
152,juanjorgesalzman,Moyano Scioli perdio se terminaron los negocios‚Ä¶..
153,mario_benedetti,"Los Moyano est√°n mas sucios que el Riachuelo, lo saben y est√°n m√°s que nerviosos."
154,eredece,"A Cristina la procesan para distraer el pedido de detenci√≥n de Moyano, para que la gente no le preste atenci√≥n a la condena de De Vido, para distraer por lo de Boudou, etc, etc,....."
155,gguasoncito1,Y TAMPOCO SE SUPO MAS NADA DE LOS PIBES ABUSADOS SEXUALMENTE EN IDEPENDIENTE.....DE GOLPE DESAPARECIO LA NOTICA DE TODOS LOS MEDIOS................
156,eredece,@gguasoncito1 Algui√©n puso la torta
157,SuperAcido,"La denuncia la hizo Bebote √Ålvarez por asociaci√≥n il√≠cita.
Es sabido que es ultra macrista."
158,gguasoncito1,@SuperAcido Y ESO NO LO HACE LADRON? Y PORQUE NORAY NAKIS ESTA CON PRISION DOMICILIARIA....Y EL HIJO NO....SI LO ACUSO LA MISMA PERSONA.....ESA ES TODA TU DEFENSA?......IGUAL ESTA PRESO POR MAS MACRISTA QUE SEA.......
159,SuperAcido,"Cero en sarcasmo.
Vuelva a Facebook y no moleste por ac√°."
160,gguasoncito1,@SuperAcido SEA MAS CLARO ENTONCES.....Y NO DIVAGUE...NO TENGO CUENTA EN FACEBOOK
161,SuperAcido,"El sarcasmo y la iron√≠a no necesitan ser explicados ni aclarados
Si no est√° a la altura no critique, corre el riesgo de quedar como est√° quedando en este instante."
162,fper7709,Hoy es sabado. El lunes esta detenido
163,DrTarugo,"@fper7709  El lunes es feriado, la justicia no trabaja, (bah, los otros dias tampoco)"
164,gguasoncito1,@DrTarugo @fper7709 esta en el exterior representando a la Argentina en un congreso
165,DrTarugo,"@gguasoncito1 @DrTarugo @fper7709  ¬øCongreso de chantas, pungas y ladrones?"
166,gguasoncito1,@DrTarugo @gguasoncito1 @fper7709 COYECTO
167,critico2010,@fper7709 Dios te oiga
168,Olimpio11,"Para que lo entiendas mejor Moyano: decime un sindicato en el mundo cuyo jefe sindical sea tambien presidente de un club de futbol y sus hijos responsables de las barras bravas, nada menos. No lo hay Moyano, no lo hay. Y sabes porque ? Porque es una aberracion desde el principio. Por ejemplo: Imaginate que la CGT ( Confederacion General de Trabajadores ) espa√±ola decide postularse para la presidencia del Atletico de Madrid, similar a Independiente en categoria y jerarqu√≠a de cub. No ser√≠a posible. Sabes por que ? Porque los afiliados seguidores del Real Madrid, se dar√≠an todos de baja del sindicato. Y la sociedad se preguntaria que carajo hace un sindicato gestionando un club de futbol. Lo entendes as√≠ ? Comprendes porque uno cae en la tentacion de pensar que solo lo usan para ""lavar fondos injustificables"" a la AFIP ? Por cierto, Facundo y Pablo, tienen algun titulo que los capacite para la gestion de entidades deportivas ?"
169,jmarti4,excelente tu comentario. pero dudo mucho q los moyanos puedan leer tantas letras!
170,juanalacuerda,El moyanaje debe ser de Balcarce. Est√°n m√°s sucios que una papa.
171,gguasoncito1,"pucha che, que suerte que tienen los ex k....no tienen un solo corrupto......."
172,etacarinae88,@gguasoncito1 ü§£ü§£ü§£üòÇüòÇüòÇü§£ü§£ü§£
173,sii1,Papi cuidando nene!
174,Yapita," Disparate?   Explic√°melo!!!!
La UIF apunt√≥ a los Moyano por una cuenta en el exterior con m√°s de 30  millones de d√≥lares
Se supo que el Club Atl√©tico Independiente posee dos cuentas en el exterior en las que, seg√∫n un informe de la Unidad de Informaci√≥n Financiera (UIF), habr√≠a recibido m√°s de 30 millones de d√≥lares. Est√°n en el Bedura Bank del Principado de Liechtenstein, un para√≠so fiscal. Pero los Moyano le ocultaron la existencia de esas cuentas a los socios e hinchas del club. "
175,Olimpio11,"@Yapita Si lo que Ud afirma es verdad, me acaba de alegrar el d√≠a. Gracias ! Solo los ciegos, y hasta ahora la falta de pruebas, no pueden ver que utilizan Independiente para lavar guita negra."
176,nacionalista85,"Y bueno, yo no s√© si tiene raz√≥n o no....habr√≠a que leer el expediente pero, en este contexto de crisis social, los camioneros van a parar totalmente el pa√≠s."
177,MabelZunino,"El mayor disparate es que moyano padre y madre no est√©n presos.
Mafiosos ladrones de la plata de los trabajadores."
178,RJArias,"Conducta mafiosa,quien sopl√≥ para que Pablito se fuera del pa√≠s justo teniendo pedido de detenci√≥n?"
179,DrTarugo,"De la cuenta en Suiza de este.................sujeto de la que se hablo en √©poca de la equina, ¬øno se sabe mas nada?"
180,Italiener67,Si tiene mas datos denuncie ....o es solo hablar sin saber
181,DrTarugo,"@Italiener67  No caballero, no hablo sin saber, la denuncia fue hecha, Le recomiendo entre otras una lectura sobre el episodio de 2011. Saludos

https://www.infobae.com/2011/03/20/570707-documento-completo-suiza-solicitar-informacion-moyano/"
182,DrTarugo,"@Italiener67  Y si googlea ""cuenta de Moyano en suiza"" en la pagina 3 hay mas informaci√≥n"
183,Vamospormashasta,"Es un disparate q hace 30 a√±os controles el Gremio de Camioneros y robes a 2 manos y no estes preso todav√≠a Huguito...,"
184,guli1911,parece que se olvidaron los negocios que ten√≠a y tiene Macri con moyano. ejemplo la recolecci√≥n de basura.
185,ieroslav,"anda arreglando con los troskos y el partido obrero para que salgan a piqueter a favor del nene, ya los contrataste una vez, y ahora pod√©s hasta hacer precio."
186,guli1911,no sabes ni lo que es un trosko
187,ieroslav,@guli1911 si vos lo dec√≠s......
188,guli1911,leo c√≥mo deber√≠as hacer vos
189,Mehid2016,El mismo discurso de todos los corruptos. Vaya a la justicia y pruebe su inocencia.
190,pancho56,El r√©gimen macrista quiere a todos los opositores presos.
191,ieroslav,"@pancho56 a todos los chorros presos, y and√° a repasar la tabla del 3,porque tu idea de ""r√©gimen"" es como decir que estos malandras son ""inocentes""."
192,booger,SIIII y ya sabemos donde vives!! Jajajjaj KERNEROLO!!!
193,jromeo3,"Decir cualquier estupidez , no lo hace inocente a tu nene , tiene tu ADN "
194,ieroslav,"ten√©s raz√≥n huguito, la estamos pasando muy mal gracias a malandras como vos y tu familia. "
195,krocca,"Una de las diferencias entre la 'Ndrangheta, la Cosa Nostra o la Camorra y el sindicalismo peronista: las primeras tienen un c√≥digo de ""omert√°"", de silencio. Las nuestras se creen tan impunes que est√°n en los medios permanentemente."
196,booger,"Moyano tiene raz√≥n, LA GENTE LA ESTA PASANDO MAL, MUUUUY MAL, pero Huguito, esto de tu hijo es un B√°lsamo y ya nos sentimos un poquito mejor"
197,Seba_Uribarri,"Muy bueno Moyano, contate uno de gallegos ahora."
198,cbreitor1,"A MI ME DISTRAJO ESTO DE PABLO MOYANO.
FUI AL SUPER Y NI ME DI CUENTA LO QUE GASTE."
199,ToyzMKT,Lo de De Vido era un disparate del gobierno. Y sin embargo... 
200,flacas,"para entender el poder judicial.- 
El poder judicial esta saliendo  de  mas de dos decadas  en que los gobiernos populistas  con gran poder ejecutivo  y  poder legislativo  absolutamente    sumiso  la tenian  acorralada,.-
Si la sociedad siempre     se mueve en ondas  que  sobrepasan el nivel   medio perfecto.-
Si es probable  que  se  este pasando algo  de justiciera.- 
Pero   por la independencia  que  hoy tiene   NO por  presi√≥n  del gobierno.- 
Que la oposici√≥n  se queje  es  entendible  aunque saben  que tambi√©n ellos  se pasaron de la  raya en la    corrupci√≥n.-
Pero  que los analistas   ,  opinologos.  comentaristas   noticieros  caigan sobre el gobierno  solo para  vender  mas    da√±ando   al pa√≠s   eso NOOO"
201,guli1911,te parece independiente el poder judicial con el pro operando en las causas de Cristina?
202,flacas,@guli1911 Yo no  creo que  existan  tontos que  todav√≠a crean que  cristina  es   inocente.- 
203,dldrosario,"@guli1911 Holaa, hola, holaaaaa, dalbon, hola, soy cristina peloduro ¬°¬°¬° no me ayudes m√°sssss.¬°¬°¬°¬°"
204,KennethU,"@guli1911 Y, una de esas aprendieron de Neshtor y Critina. Pero son beb√©s de pecho al lado de esos dos."
205,pancho56,"@flacas ¬øIndependencia, qui√©n, Comodoro Pro? "
206,marcec63,Y todavia no lo deruvieron? Y el padre no esta metido ? Que lentitud!!!! Como puede ser todo tan lento en la justicia? O sera q hay alguien llevando algun papel en mano a alguien para q le ponga un sello? La justicia sigue en la prehistoria!!!!
207,La_Robespierre,"Yo distraigo
Tu distraes
El distrae
....

Pero el que afan√≥, sabemos quien fue."
208,juanberi,"@La_Robespierre La que afan√≥, te refer√≠s?."
209,pancho56,"@juanberi Al gato se refiere, hist√≥rico manoteador del dinero del estado."
210,guli1911,si le toca a los hijos de moyano al hijo de  franco Macri tambi√©n deber√≠a.
211,juanberi,"@guli1911 El Pablito tiene m√©ritos propios, no lo subestime. Ya es un estilo mafioso propio. Y una pregunta, porque te molesta tanto que vayan en cana estos malandras?. "
212,guli1911,lo que me molesta es que los Macri no vayan en cana tambien
213,flacas,"@guli1911 Ya los comunistas  de la  uni√≥n sovi√©tica  despues de  75  a√±os  de experiencia    concluyeron  que  la ineficacia  del  estado  supera  por cifras  infinitas   el pecado  de los ricos.  
Porque  aparte de ser RICO   no hay  juicio  sobre  coimas recibidas  ni   plata robada   ni valijas  voladoras.ni cuadernos.  ni arrepentidos.-  "
214,pancho56,"@flacas Asumi√≥ con 214 causas, DOSCIENTAS CATORCE, por si te olvidaste. Ahra tiene una pila m√°s."
215,La_Robespierre,"@guli1911  tanta ecuanimidad es sorprendente. No se preocupe con el Hijo de Franco, ya le va a llegar alg√∫n d√≠a. Pero hoy hablemos de Moyano."
216,sogtulakk,"EL DISPARATE ES QUE UN DELINCUENTE ""PELIGROSO"" COMO USTED, AUN ESTE EN LIBERTAD."
217,paladio046,"Con esa declaraci√≥n, TAN BERRETA, ya dejaste claro que tu hijo es culpable de lo que se lo acusa y ademas, un PATOTERO COBARDE"
218,pnogueira3,"FUE DUHALDISTA, SCIOLISTA, MENEMISTA, KIRCHEIRSTA, DESPUES DESANDO Y AHORA VOLVIO AL KIRCHEIRSMO....
MISMO DISCURSO ....TIPICO DELINCUENTE QUE SIEMPRE DICE QUE ES INOCENTE CUANDO HAY DOS JUZGADOS LLENOS DE PRUEBAS QUE LOS CONDENAN...Y ADEMAS EXTORSIONADOR...PROQUE CONVENCE A SUS ESBIRROS QUE LA CULPA ES DE MACRI QUE LOS PERSIGUE CUANDO EN REALIDAD ES LA JUSTICIA QUE POR PRIMERA VEZ TRABAJA INDEPENDIENTEMENTE DEL EJECUTIVO....Y SINO....PARO GENERAL..NO PUEDEN ESTAR LIBRES....PORQUE ESTANDO LIBRES DISFRUTANDO DE LA QUE ROBARON REBELA AL RESTO DE LOS CIUDADANOS DE BIEN....DAN GANAS DE EMPEZAR A NO RESPETAR NADA NI DE CUMPLIR NINGUNA LEY...."
219,sogtulakk,@pnogueira3 Lo que realmente es .. una BASURA.-
220,juanberi,Pero si el Pablito es chico inocente ..
221,ToyzMKT,"Y si, que va a decir? ""Merezco ser investigado""?  Acusar al gobierno de distracci√≥n o autodenominarse perseguido pol√≠tico, son las √∫nicas respuestas que tienen. "
222,menalbo,"El bebote arrepentido, noray arrepentido, a qui√©n cre√©s que entregaron? A tu hijo y a vos, disparate que es todav√≠a no est√©s guardado en alg√∫n penal"
223,AAMELIO,"chorros como los Macri, como los Kirchner, como M√©nem, va, como todos....."
224,juanberi,"@AAMELIO No busques el empate. Los Macri ser√°n chorros y ya les llegar√° el turno, pero hay que apoyar fervientemente este proceso que est√° haciendo temblar el piso a las mafias eternas."
225,cacho09,"Para distraer esta NEFLIXT,para delinquir estan los SINDICALISTAS. Por las dudas te paso significado de delenquir: Cometer un delito si contin√∫a con esas compa√±√≠as puede acabar delinquiendo "
226,egraham,A la Gayola Hugito. Vos tambien en Breve.
